,if_reduced,if_log,model,train_rmse_1,train_rmse_2,train_rmse_3,train_rmse_4,train_rmse_5,test_rmse_1,test_rmse_2,test_rmse_3,test_rmse_4,test_rmse_5,train_mape_1,train_mape_2,train_mape_3,train_mape_4,train_mape_5,test_mape_1,test_mape_2,test_mape_3,test_mape_4,test_mape_5,mean_train_rmse,mean_test_rmse,mean_train_mape,mean_test_mape,med_train_rmse,med_test_rmse,med_train_mape,med_test_mape,max_train_rmse,max_test_rmse,max_train_mape,max_test_mape,HL_train_rmse,HL_test_rmse,HL_train_mape,HL_test_mape
0,False,True,XGB,52.174914162345736,56.02845636377389,53.60106150451699,54.91515109605078,50.89233643790703,111.76669187575847,74.70184006165528,135.67175966688723,111.14209491981448,97.8230122387239,5.58238601416338,5.631584474200959,5.599303990490012,5.649325347954522,5.2976761545582765,10.530276413551361,8.900349495117256,11.588358567853753,11.860266677108514,10.568253963750491,53.5223839129189,106.22107975256787,5.552055196273431,10.689501023476275,53.60106150451699,111.14209491981448,5.599303990490012,10.568253963750491,56.02845636377389,135.67175966688723,5.649325347954522,11.860266677108514,53.54503262919826,105.18679986427125,5.599303990490012,10.568253963750491
1,False,True,RF,53.08853329761668,76.26774520347662,54.170950625546155,55.64925048650838,51.13975772716756,83.44756569111925,89.7892786266574,142.24123136216255,112.54882156057364,95.39574001345471,5.599658900330261,7.4478876870736235,5.657722969641124,5.672448263252093,5.31644535955944,7.554378187729752,9.840047204492087,12.050356744984603,12.922248339899497,10.770197709715603,58.06324746806308,104.68452745079352,5.938832635971307,10.627445637364309,54.170950625546155,95.39574001345471,5.657722969641124,10.770197709715603,76.26774520347662,142.24123136216255,7.4478876870736235,12.922248339899497,54.36889189206253,101.16905009361552,5.657722969641124,10.770197709715603
2,False,True,SVR,74.57709258120657,105.81811130432324,63.70880051638672,60.13899265729347,76.05668611304957,112.46317303679622,114.1868945136423,135.7081230951875,146.90470659289812,99.30898536518472,8.246129283607052,10.599280845173594,5.77011486182843,5.233485467099713,8.01799394414108,11.593912392627546,12.014239136183159,11.604945345756873,17.495493349791225,12.002002152431517,76.05993663445192,121.71437652074178,7.573400880369974,12.942118475358063,74.57709258120657,114.1868945136423,8.01799394414108,12.002002152431517,105.81811130432324,146.90470659289812,10.599280845173594,17.495493349791225,74.57709258120657,123.10684597904142,7.9163831561366536,12.002002152431517
3,False,True,EN,145.03859759110856,143.0576061475955,131.04453886993858,136.4125622450389,144.92644027228215,127.20422115498775,135.4279790491645,191.3880786631096,157.16435090573134,127.42742222424855,14.634084524019794,14.087460202290394,13.450342428599267,13.649371084765157,14.327233144309341,11.807465850932493,15.12004375718764,16.26546468271364,16.800532412442962,13.852767773690392,140.09594902519274,147.72241039944834,14.02969827679679,14.769254895393425,143.0576061475955,135.4279790491645,14.087460202290394,15.12004375718764,145.03859759110856,191.3880786631096,14.634084524019794,16.800532412442962,140.66950125866055,142.29588656498993,14.04221347630953,15.059116228202017
4,False,True,RR,142.74258226993436,139.79861061306613,126.76597176339688,134.04914119144607,143.78667132497216,134.8594456765582,138.75858271924739,192.38258492423822,160.11893674797335,124.22340231423699,14.241293684698872,13.632085957282781,13.082410604762222,13.359822242454218,14.09245737751678,12.71026473990443,15.058901362438316,15.872952021527693,17.25035445863005,13.40272449711825,137.4285954325631,150.06859047645082,13.681613973342973,14.859039415923746,139.79861061306613,138.75858271924739,13.632085957282781,15.058901362438316,143.78667132497216,192.38258492423822,14.241293684698872,17.25035445863005,138.39586173069023,147.48919121226578,13.661852144730547,14.98030959926724
5,False,True,PLS,142.6378377495347,139.86717032742877,126.82254870279435,134.41404494212978,143.76434534692882,134.85862011066916,138.36418866276415,193.46940692981576,159.94258268255246,122.64020574917876,14.242204548283336,13.594740233017754,13.1481896622588,13.385432291767579,14.093992641572745,12.711145619745277,14.924576072437661,16.259210914624816,17.116854584277135,13.17814425975284,137.50118941376329,149.85500082699608,13.692911875380043,14.837986290167546,139.86717032742877,138.36418866276415,13.594740233017754,14.924576072437661,143.76434534692882,193.46940692981576,14.242204548283336,17.116854584277135,138.52594134583222,147.4006013966108,13.695197105271067,14.914000102011206
6,False,True,SPLS,144.20887386116678,141.40065612636855,,135.20532929754884,144.8204335615043,123.3649116708346,134.13060005222076,,157.2064557422532,120.49936314823421,14.521092271138032,13.839834409507764,,13.503719938437714,14.188072089968422,12.264658227407612,14.837672159995044,,16.62243940618967,13.259623907076968,141.4088232116471,133.8003326533857,14.013179677262983,14.246098425167325,142.80476499376766,128.74775586152768,14.013953249738094,14.048648033536006,144.8204335615043,157.2064557422532,14.521092271138032,16.62243940618967,140.5538788528632,137.20814187938234,13.926120257147819,14.640610488396842
7,False,True,ALVEN1,115.9208367764957,99.90546826359125,105.29948520290444,106.3819294094153,106.78338064356502,98.47486263968047,122.05248497016369,145.0647128888191,134.18539116189413,126.91064087073771,12.226573167807201,10.486791567796983,10.97052617487069,10.9440595781712,11.20294454662819,10.518314733671245,13.468471930762215,13.774704431817284,14.712643923063808,13.51794098853591,106.85822005919434,125.33761850625902,11.166179007054852,13.198415201570091,106.3819294094153,126.91064087073771,10.97052617487069,13.51794098853591,115.9208367764957,145.0647128888191,12.226573167807201,14.712643923063808,106.3819294094153,126.91064087073771,11.073502062399694,13.51794098853591
8,False,True,LCEN1,110.65529438506138,98.94316757066174,100.40853322499382,103.30467097976731,104.64665112531313,95.59448687041449,130.3989261835764,153.4862737051316,112.83801589005051,138.3226432729979,11.82734439891712,10.44135616581509,10.591501690193324,10.57377783867247,10.905815534531461,10.168293218699901,14.92779168680432,14.454914799137882,13.297997637598582,15.164717453580506,103.59166345715946,126.12806918443418,10.867959125625893,13.602742959164237,103.30467097976731,130.3989261835764,10.591501690193324,14.454914799137882,110.65529438506138,153.4862737051316,11.82734439891712,15.164717453580506,103.30467097976731,125.58032958152421,10.739796686601967,14.112894662201452
9,False,True,ALVEN2,67.52874760619834,81.25371066694994,87.75129404311731,126.85970273289254,90.26862636816844,315.30608493942236,104.01043211915176,115.94069904605968,143.4777350191339,103.43584961510916,7.481894667809991,8.31184335890797,8.939462034152871,12.57550185241547,9.071173453163233,23.671315296715402,10.124658358384343,11.31962421357404,15.428535219044317,12.625263761676237,90.73241628346531,156.43416014777537,9.275975073289906,14.633879369878866,87.75129404311731,115.94069904605968,8.939462034152871,12.625263761676237,126.85970273289254,315.30608493942236,12.57550185241547,23.671315296715402,87.75129404311731,123.74408356914282,8.939462034152871,13.37407971630918
10,False,True,LCEN2,108.38314554265807,74.310991714068,66.76702389709385,121.0827620884463,75.73057274262537,258.05462926809577,160.8588261578884,209.57242945337046,147.78596027897734,127.89344630005016,11.34222900688574,7.37450181929699,7.175271479157075,12.020256979561841,7.9683799130391435,21.307349603217556,13.638849409163326,19.94755157120656,15.541471664856537,13.624731220609917,89.25489919697831,180.83305829167642,9.176127839588158,16.811990693810777,75.73057274262537,160.8588261578884,7.9683799130391435,15.541471664856537,121.0827620884463,258.05462926809577,12.020256979561841,21.307349603217556,91.34706862836303,178.6791948661739,9.358365413091365,16.793200490184944
11,False,True,ALVEN3,61.62739401852433,81.64837767414572,69.48478248627505,86.64845775352714,81.02424578523048,1626311.3353226483,107.53178027646112,137.00755000713224,107.65828914982185,133.7602006368508,6.828618041193396,8.16437153650333,7.21652111219153,8.39965519561049,8.065765371362252,66052.23979903916,11.083266408613296,12.00081795230152,13.215055488738992,14.601614090273266,76.08665154354055,325359.45862854377,7.7349862513722005,13220.628110595819,81.02424578523048,133.7602006368508,8.065765371362252,13.215055488738992,86.64845775352714,1626311.3353226483,8.39965519561049,66052.23979903916,75.56658008021039,133.7602006368508,7.69044632434743,13.301216021287393
12,False,True,LCEN3,112.12511076717226,123.71261892834784,63.71930190363695,100.35374269424646,123.80184029959803,135.23317080142635,107.50801022603316,186.42996799770464,132.63385423657758,117.95771829833122,11.39910522545604,11.980894633697243,6.704970287153229,9.80224584130309,12.070776185168572,13.82824852804174,10.842265214353763,17.319937675300437,14.001612566675139,12.749797530444281,104.7425229186003,135.9525443120146,10.391598434555636,13.748372302963071,112.12511076717226,132.63385423657758,11.39910522545604,13.82824852804174,123.80184029959803,186.42996799770464,12.070776185168572,17.319937675300437,112.03318081129714,132.63385423657758,10.891570237500167,13.82824852804174
13,True,True,XGB,52.17548327471147,56.029719083781586,53.602635828860784,54.914667848588216,50.89206289222443,108.7882268392492,90.97789933009827,124.80585378000264,107.10266305472001,100.81682118648166,5.580782679975951,5.633306494227031,5.599863717778828,5.6493843258119325,5.297852990092196,10.553648545052166,11.063135954264613,11.141121257861109,11.35375508226915,10.698218496256796,53.52291378563329,106.49829283811036,5.552238041577188,10.961975867140769,53.602635828860784,107.10266305472001,5.599863717778828,11.063135954264613,56.029719083781586,124.80585378000264,5.6493843258119325,11.35375508226915,53.54507556164984,107.10266305472001,5.599863717778828,10.953701813660658
14,True,True,RF,53.018890118325615,76.44523145452727,54.14553364666947,55.630227918827266,55.81980449936984,83.43016580429799,87.43611257284692,144.38676803954021,110.10409315839945,92.0080285447966,5.585925025404778,7.494993274376624,5.6635272538652135,5.654437286602795,5.982993468363556,7.487436537930248,9.695452153967086,12.158856671525566,12.685113518099977,10.231046029642746,59.011937527543886,103.47303362397625,6.0763752617225935,10.451580982233125,55.630227918827266,92.0080285447966,5.6635272538652135,10.231046029642746,76.44523145452727,144.38676803954021,7.494993274376624,12.685113518099977,55.630227918827266,98.77010286562319,5.818715377483176,10.231046029642746
15,True,True,SVR,91.45740961367285,88.8429614476578,72.04203007784406,89.4081373583242,86.86187379481979,101.89399600510639,96.39033855374942,152.18532184166037,116.96611658675505,92.97280744117377,9.093037488132715,8.282182936734175,7.070034768487908,8.274306304771395,8.260755225756295,9.684903755240502,9.563988884594893,13.028525735649888,12.997293337900224,10.648069202969712,85.72248245846374,112.08171608568901,8.196063344776496,11.184556183271045,88.8429614476578,101.89399600510639,8.274306304771395,10.648069202969712,91.45740961367285,152.18532184166037,9.093037488132715,13.028525735649888,88.13500557657198,106.67822757025223,8.271469081245236,11.29625731012239
16,True,True,EN,145.19894466937572,142.37488197485916,127.93823492289555,135.83140838666012,146.98316665345848,121.1461227633129,136.46748095739687,189.6349326347654,156.39802279070602,119.80992280385576,14.648204948636554,13.991820243896248,13.129939047874915,13.548136288643885,14.685700614451138,11.695280659829738,15.106988377074888,16.21006421370959,16.62958565225524,13.243296373035275,139.6653273214498,144.69129639000738,14.000760228700548,14.577043055180948,142.37488197485916,136.46748095739687,13.991820243896248,15.106988377074888,146.98316665345848,189.6349326347654,14.685700614451138,16.62958565225524,140.51517652801792,138.77207277700947,13.991820243896248,14.726680293372432
17,True,True,RR,144.34504096284687,140.06906247950812,127.48020229199513,134.92339822219577,145.64891420521136,125.37942031468432,137.13243242963827,189.94363614013773,156.82045000126686,111.05399297532105,14.520165941780986,13.627829676803069,13.104958111163164,13.45530432504221,14.48927520646985,12.442487358201735,15.090193528915497,16.172210870965934,16.60597898410673,12.2759018685514,138.49332363235143,144.06598637220966,13.839506652251856,14.517354522148258,140.06906247950812,137.13243242963827,13.627829676803069,15.090193528915497,145.64891420521136,189.94363614013773,14.520165941780986,16.60597898410673,139.63421959252133,141.0999351579756,13.812562026472076,14.440940426329066
18,True,True,PLS,144.3614229846576,140.18880231723423,127.40528257326298,134.91741588580487,145.71161098832684,125.95451394409501,136.25765398857274,189.52924698518,156.94063299460225,111.05067714934253,14.514211458101078,13.628341047727197,13.101057740017026,13.450524536870255,14.475398337132516,12.533379874517246,14.97517358469297,16.127456473859027,16.58374127656746,12.245178022256102,138.5169069498573,143.9465450123585,13.833906623969614,14.492985846378563,140.18880231723423,136.25765398857274,13.628341047727197,14.97517358469297,145.71161098832684,189.52924698518,14.514211458101078,16.58374127656746,139.63941943523122,141.44757346934864,13.807634599059053,14.41445964941178
19,True,True,SPLS,144.20887386116678,141.40065612636855,128.32434224404588,,,123.3649116708346,134.13060005222076,189.01112150444226,,,14.521092271138032,13.839834409507764,13.134093331142061,,,12.264658227407612,14.837672159995044,15.861159644724324,,,137.97795741052707,148.83554440916586,13.83167333726262,14.321163344042327,141.40065612636855,134.13060005222076,13.839834409507764,14.837672159995044,144.20887386116678,189.01112150444226,14.521092271138032,15.861159644724324,138.83363208948742,145.1593083199296,13.833713605323904,14.450290548030505
20,True,True,ALVEN1,115.01099482369906,108.60128501432192,105.29948520290444,109.6044842469418,112.76680014132091,95.85412323773129,125.40108571289417,145.0647128888191,119.04504932720829,103.49449386784966,12.164955122226027,11.218915332186437,10.97052617487069,11.402738742776174,11.913647436581824,10.41938019417673,14.084690318559913,13.774704431817284,13.207855430587292,11.05529216562531,110.25660988583763,117.7718930069005,11.534156561728231,12.508384508153307,109.6044842469418,119.04504932720829,11.402738742776174,13.207855430587292,115.01099482369906,145.0647128888191,12.164955122226027,14.084690318559913,110.15524001330175,119.04504932720829,11.56628138438413,12.414998298721297
21,True,True,LCEN1,112.77953723824514,106.46549096001603,96.31334275637967,108.14896087614338,99.34039507381081,96.75869100471243,122.5591682627224,145.71330143805508,115.68341678629919,133.58860382322302,12.115216508898042,11.051204982588667,10.018534561044921,11.31739068174701,10.627659819995124,10.387019328017129,13.681207163947029,14.041757716701008,12.995640841114835,14.702203655659188,104.609545380919,122.86063626300242,11.026001310854754,13.161565741087838,106.46549096001603,122.5591682627224,11.051204982588667,13.681207163947029,112.77953723824514,145.71330143805508,12.115216508898042,14.702203655659188,104.5464399973124,122.5591682627224,11.051204982588667,13.51869927890792
22,True,True,ALVEN2,85.05042871657828,84.1250985381445,98.5484917054338,71.69374499760859,75.15113769328939,115.72621520384023,110.46374484510771,135.8276574093663,99.92147893947124,111.65418627405808,8.86438676281862,8.680160173345142,9.900144780500227,7.310713566770112,7.758746826835256,10.968569020343525,11.222733255645759,12.49195447907988,12.27109480941707,13.797024350031228,82.91378033021093,114.7186565343687,8.502830422053872,12.150275182903494,84.1250985381445,111.65418627405808,8.680160173345142,12.27109480941707,98.5484917054338,135.8276574093663,9.900144780500227,13.797024350031228,84.1250985381445,113.09498002447397,8.60542917363517,12.27109480941707
23,True,True,LCEN2,85.64529475487738,81.28590341753574,98.63190660409464,71.00000892277376,71.877074226291,119.65336514481179,105.4713516170565,153.59281280187997,94.91752593338269,105.24883089879424,8.988100405600742,8.376166780974346,10.073042345356797,7.294192021781348,7.107596062703778,11.378109622089445,10.726157287844858,13.177275770306617,11.534230818189886,13.086923749510692,81.68803758511451,115.77677727918504,8.367819523283401,11.980539449588298,81.28590341753574,105.4713516170565,8.376166780974346,11.534230818189886,98.63190660409464,153.59281280187997,10.073042345356797,13.177275770306617,81.28590341753574,112.451098021803,8.376166780974346,11.951716529075737
24,True,True,ALVEN3,85.34701763629079,84.90512310916634,85.75718793837079,74.2704404514661,79.92428492691025,117.181941506666,104.28712494893006,132.05313626800546,109.16456161726313,113.2236063276022,8.796905216671004,8.756680692806126,8.686880693284197,7.288218625631765,8.030968162022162,11.350808185813454,10.827371996940835,11.713788902187186,13.157506514107448,13.52252198611663,82.04081081244085,115.18207413369336,8.31193067808305,12.11439951703311,84.90512310916634,113.2236063276022,8.686880693284197,11.713788902187186,85.75718793837079,132.05313626800546,8.796905216671004,13.52252198611663,82.63565128160052,113.2236063276022,8.393824427414145,12.174946991528731
25,True,True,LCEN3,89.26346607057438,79.79307278937303,88.27223743189833,69.16213476451142,76.5406922743196,120.5391435163528,100.89063261446084,134.79641366521057,144.11167621420933,106.0277803302372,9.155800523136717,8.174266657784715,8.959852318030118,6.8752591691253695,7.806545791389021,11.615771450249948,9.946912609362473,11.74654938618887,14.817589346688733,12.681183996206501,80.60632066613536,121.27312926809414,8.194344891893188,12.161601357739304,79.79307278937303,120.5391435163528,8.174266657784715,11.74654938618887,89.26346607057438,144.11167621420933,9.155800523136717,14.817589346688733,79.79307278937303,120.5391435163528,8.174266657784715,12.148477723228225
26,False,False,XGB,52.11809579554564,55.95407421115334,53.5298774775264,54.84978643840428,50.84180730432597,110.04598365407661,86.57801615603665,137.48368969660208,120.11826407072249,95.5726128600257,5.607857443662894,5.645878138553038,5.633175105911465,5.672098182635466,5.3223867129903395,10.323582911260802,10.525811078284686,11.692453981754609,12.992334301297307,10.420333309188138,53.45872824539113,109.95971328749272,5.576279116750641,11.19090311635711,53.5298774775264,110.04598365407661,5.633175105911465,10.525811078284686,55.95407421115334,137.48368969660208,5.672098182635466,12.992334301297307,53.48394111697496,110.04598365407661,5.626867791107966,11.056393645471374
27,False,False,RF,52.807456004638084,56.40267899157934,54.10675452815887,57.469486313541665,51.136647008294716,83.12441280735824,93.76684152415474,139.66532384043012,108.79359511285216,101.64764019416167,5.6287013050102015,5.640426063017889,5.686814928569453,5.925930314422754,5.360079101578107,7.725275784067872,10.877599962847007,11.884391665075809,12.471038816516796,11.795449725918475,54.38460456924254,105.39956269579139,5.648390342519681,10.95075119088519,54.10675452815887,101.64764019416167,5.640426063017889,11.795449725918475,57.469486313541665,139.66532384043012,5.925930314422754,12.471038816516796,54.30306666091819,101.64764019416167,5.64300470800043,11.380995813961409
28,False,False,SVR,76.55521978398379,106.80972075534855,64.42631923140617,59.90862600902956,77.77375489864863,108.53860559852056,117.08145416404261,135.14998982181916,148.6309233926759,102.48503577671394,8.533894757236041,10.630231815894039,5.823945085518517,5.265322749583223,8.310328883328317,11.22919732385586,12.926906302194126,11.866274897208577,17.611891746704114,12.677483008258655,77.09472813568334,122.37720175075444,7.712744658312028,13.26235065564427,76.55521978398379,117.08145416404261,8.310328883328317,12.677483008258655,106.80972075534855,148.6309233926759,10.630231815894039,17.611891746704114,76.55521978398379,121.84429771016985,7.947777282738631,12.677483008258655
29,False,False,EN,143.0246978182692,141.4131804235044,130.08189319514938,135.0302360315726,143.35631081350286,127.13733440861652,139.4943633299332,184.00642152694346,159.94426624870943,127.43930456490118,15.079250119815043,14.498690783997908,13.892512077395669,14.067846058078153,14.704739163150228,12.054179817460895,16.139998642042766,15.743056196996287,17.61412937219782,14.606281839982799,138.5812636563997,147.60433801582073,14.4486076404874,15.231529173736112,141.4131804235044,139.4943633299332,14.498690783997908,15.743056196996287,143.35631081350286,184.00642152694346,15.079250119815043,17.61412937219782,139.0274669249209,143.6917854068053,14.485881098605356,15.373140241012782
30,False,False,RR,141.36185212388645,138.20058485175863,127.25727552827749,132.02821136118865,142.45978065115588,132.41060660270608,141.62629474898202,186.04643276333627,164.0392407867161,123.62090172847473,14.738448638781493,13.84322623368953,13.60338602910911,13.642032528802437,14.494653040688993,12.373624900067872,15.96291360992894,15.825716430683153,17.80663745876127,13.897672732436,136.2615409032534,149.54869532604306,14.064349294214313,15.173313026375444,138.20058485175863,141.62629474898202,13.84322623368953,15.825716430683153,142.45978065115588,186.04643276333627,14.738448638781493,17.80663745876127,136.69503174253754,148.2249236947111,14.068342784745715,15.09013117941457
31,False,False,PLS,141.36085560024287,138.3644658171891,127.55551813272673,132.15920993624758,142.49552689882918,132.33942471030042,141.3211188097861,187.4699343588171,163.73071354294146,122.14046237933988,14.744045291095517,13.79049736818505,13.692913096426922,13.607993922404873,14.511701852467004,12.380273793276544,15.82262017357961,15.927432331823603,17.634949481966363,13.714280643936002,136.3871152770471,149.40033076023698,14.069430306115873,15.095911284916426,138.3644658171891,141.3211188097861,13.79049736818505,15.82262017357961,142.49552689882918,187.4699343588171,14.744045291095517,17.634949481966363,136.76003276824522,148.03506912662095,14.102307474446963,15.007611637621453
32,False,False,SPLS,143.04754727262875,139.43963813731335,128.7406879623156,143.69946638730562,144.683617629666,123.4080080728518,137.1157826243386,182.25396110256307,162.54290929564104,112.94091256353514,14.823819830166116,13.919072629415659,13.644189340871346,14.572647762343195,14.739294020989885,12.220754864693069,15.696951681464068,15.476160704272093,17.409460720170017,13.100957179580156,139.92219147784584,143.6523147317859,14.33980471675724,14.780857030035879,143.04754727262875,137.1157826243386,14.572647762343195,15.476160704272093,144.683617629666,182.25396110256307,14.823819830166116,17.409460720170017,141.5695522623095,142.9754586842464,14.329183325202772,14.815107792431544
33,False,False,ALVEN1,114.78541703545261,106.43360486455494,105.14895031476364,106.18027849196693,105.62360902917446,99.81064906839308,130.05649970044303,140.1662114277055,132.24125661967403,128.9352808618976,12.571420590646564,11.53736398038488,11.311630311949385,11.363027407940978,11.346899713515446,10.781553107213588,15.126160110467497,13.945519166932252,15.203945517101271,14.110427949867315,107.63437194718252,126.24197953562263,11.626068400887451,13.833521170316384,106.18027849196693,130.05649970044303,11.363027407940978,14.110427949867315,114.78541703545261,140.1662114277055,12.571420590646564,15.203945517101271,106.18027849196693,130.05649970044303,11.442131846950163,14.110427949867315
34,False,False,LCEN1,111.64783887375651,101.38712137803785,101.72219037832272,104.95996891211634,104.73328005754854,100.27008415568464,135.2027404801012,150.54327451341265,118.83517728586138,142.80757052250235,12.52569594378926,10.939683880005605,11.042917103771629,11.148320295983982,11.227073448034322,10.738572288503326,16.25295523833798,14.84735979113627,14.420760517008395,16.012415988143164,104.89007991995638,129.53176939151246,11.376738134316957,14.454412764625825,104.73328005754854,135.2027404801012,11.148320295983982,14.84735979113627,111.64783887375651,150.54327451341265,12.52569594378926,16.25295523833798,104.73328005754854,130.82137390418185,11.148320295983982,14.84735979113627
35,False,False,ALVEN2,69.15958999692492,82.36669852675153,85.78608382617918,125.10815364072617,80.06879509787441,243.92719702421408,98.87808156670887,127.07007737158787,144.3848819804912,107.52378546651127,7.738657809049079,8.718808884145744,8.789380222806557,13.072881872471283,8.215837060344645,19.897717781867556,10.120395721144053,11.440444056877386,16.238527739201032,13.134495276689064,88.49786421769124,144.35680468190267,9.307113169763463,14.166316115155817,82.36669852675153,127.07007737158787,8.718808884145744,13.134495276689064,125.10815364072617,243.92719702421408,13.072881872471283,19.897717781867556,82.9274394620268,127.07007737158787,8.718808884145744,13.839485898039209
36,False,False,LCEN2,63.6059440007757,73.92253107117664,68.42506080572868,118.70066764758975,80.96593434999771,268.16026228611025,183.71381153214546,222.43090751061646,147.8443276518198,129.89638496009758,7.035456033956697,7.555353791259453,7.3552176127993585,12.370602275367013,8.77941313809463,21.998409312553083,15.260509852129559,20.235141308463394,16.144971702950222,14.413359820947212,81.1240275750537,190.40913878815792,8.61920857029543,17.610478399408695,73.92253107117664,183.71381153214546,7.555353791259453,16.144971702950222,118.70066764758975,268.16026228611025,12.370602275367013,21.998409312553083,74.6954975778632,185.13761758121814,8.067315375446995,17.747825580296478
37,False,False,ALVEN3,61.63823011919325,91.18329879333871,79.73122450141545,84.35767980888713,77.5084221493905,2130.068895180415,106.84780841060899,141.7319018076858,115.73968885850583,118.70085924477829,6.882427144230261,9.289665100885243,8.13212102701618,8.399364012870128,7.953037223585189,99.21506773091949,11.173391104761551,12.738669666640467,14.3479983259613,13.524380808718222,78.88377107444501,522.6178307003988,8.1313229017174,30.199901527400204,79.73122450141545,118.70085924477829,8.13212102701618,13.524380808718222,91.18329879333871,2130.068895180415,9.289665100885243,99.21506773091949,79.73122450141545,128.7357953330958,8.13212102701618,13.543333996300884
38,False,False,LCEN3,109.7535274180094,120.9138894050981,95.42993924207028,113.03759172104067,121.59795438526575,162.6347615791233,107.28292427116665,166.1374144658171,134.9471391956834,112.87059611410574,12.151838829459976,12.287629536060992,10.298376378765004,11.554254640271317,12.33469272100563,15.602370777642273,11.485674936154734,14.390282971389293,15.423293553608389,12.7255134783292,112.14658043429684,136.77456712517926,11.725358421112585,13.925427143424779,113.03759172104067,134.9471391956834,12.151838829459976,14.390282971389293,121.59795438526575,166.1374144658171,12.33469272100563,15.602370777642273,113.03759172104067,136.71016936849188,11.920942088166154,14.074403515968793
39,True,False,XGB,52.12799928739082,55.95503191820849,53.533263654969325,54.849784573303495,50.84176667174326,103.82350166516616,83.73036253904012,132.10326615508006,116.04553133584751,102.3786994677484,5.621693389124311,5.645491767926144,5.62702585041463,5.671803729060429,5.321717905756646,10.189283550705769,10.012661729513646,11.463006750848072,12.646397058219891,11.187085437254202,53.46156922112308,107.61627223257645,5.577546528456432,11.099686905308316,53.533263654969325,103.82350166516616,5.62702585041463,11.187085437254202,55.95503191820849,132.10326615508006,5.671803729060429,12.646397058219891,53.48889193034716,107.9168143470601,5.62702585041463,11.187085437254202
40,True,False,RF,52.77764503633302,56.356666903626376,70.03640045381238,57.82829077733866,55.68688242977921,82.99005101140648,90.89905602614549,147.75021174351554,106.12732622936446,96.10756688057909,5.618602560167298,5.637735344643285,7.552093304025465,5.944844473267957,6.013589147397762,7.444206570542951,10.769004241563783,13.294463066411192,12.135077149867763,10.924982401635656,58.53717712017792,104.7748423782022,6.1533729659003535,10.91354668600427,56.356666903626376,96.10756688057909,5.944844473267957,10.924982401635656,70.03640045381238,147.75021174351554,7.552093304025465,13.294463066411192,56.757586603558934,98.51319112775496,5.944844473267957,10.924982401635656
41,True,False,SVR,91.20783786164861,95.32844061009973,72.81043984308661,90.06123570176834,94.81080773550234,98.24761304023085,97.22665092791145,147.1934480548759,114.2989980537874,86.85383192735404,9.163693967498824,8.844059524812314,6.955809464686036,8.213319356531883,9.136041120405846,9.125483824673069,9.134459044142531,12.839274109803076,12.851756625208278,9.968737507148086,88.84375235042113,108.76410840083193,8.462584686786979,10.783942222195007,91.20783786164861,98.24761304023085,8.844059524812314,9.968737507148086,95.32844061009973,147.1934480548759,9.163693967498824,12.851756625208278,91.20783786164861,105.76282449084943,8.674680238468865,10.986866576972805
42,True,False,EN,144.23166514634474,140.52808613643577,127.85553533067727,134.68420728102788,145.07994049548086,121.12960441786079,139.6693428834201,183.33266452211745,158.614737667495,119.49966871581086,15.138959228431704,14.330078913084776,13.604728598917147,13.892320783500018,14.989424829296496,11.869629755134643,16.0768604538063,15.78078269875646,17.29171387269758,13.715242257551385,138.4758868779933,144.44920364134083,14.391102470646029,14.946845807589273,140.52808613643577,139.6693428834201,14.330078913084776,15.78078269875646,145.07994049548086,183.33266452211745,15.138959228431704,17.29171387269758,139.4579362136863,139.8721710426779,14.371843913674425,14.896051355678843
43,True,False,RR,143.0399448744624,138.26783207494313,127.7306599003601,133.34756181824966,144.33374508841928,123.19654835514342,140.85023779158425,183.95052944183084,158.6927455623861,112.13400045855356,14.847700324471818,13.81898013161858,13.65484315742217,13.599451138794393,14.797193881477268,12.12658359666129,16.028292195735148,15.81414373651145,17.112533504426267,12.810202499052261,137.34394875128692,143.76481232189963,14.143633726756846,14.778351106477285,138.26783207494313,140.85023779158425,13.81898013161858,15.81414373651145,144.33374508841928,183.95052944183084,14.847700324471818,17.112533504426267,138.19375334635603,140.94464695876476,14.223575731633105,14.619558550543779
44,True,False,PLS,143.04529336138415,138.3244077029002,127.73411858086295,133.35400073875178,144.35780915522434,123.59014996355491,139.8908199776238,183.7206967671906,158.797056473431,112.09621901120921,14.826106866087272,13.785277736244497,13.666969118647474,13.593400771158757,14.773563590206132,12.228507151303457,15.884211280081896,15.785589266986703,17.07162680513553,12.78850203896938,137.3631259078247,143.6189884386019,14.129063616468827,14.751687308495395,138.3244077029002,139.8908199776238,13.785277736244497,15.785589266986703,144.35780915522434,183.7206967671906,14.826106866087272,17.07162680513553,138.19964705006797,141.19360321849297,14.209753818623014,14.650066978219494
45,True,False,SPLS,143.04754727262875,139.43963813731335,128.7406879623156,,144.683617629666,123.4080080728518,137.1157826243386,182.25396110256307,,112.94091256353514,14.823819830166116,13.919072629415659,13.644189340871346,,14.739294020989885,12.220754864693069,15.696951681464068,15.476160704272093,,13.100957179580156,138.9778727504809,138.92966609082214,14.281593955360751,14.123706107502345,141.24359270497104,130.2618953485952,14.329183325202772,14.288558941926125,144.683617629666,182.25396110256307,14.823819830166116,15.696951681464068,137.66687787739278,144.97338360602302,14.076538607467196,14.71750698867533
46,True,False,ALVEN1,115.24346444463352,107.84112938655224,105.56708384057602,110.23707981016219,110.49219871039864,97.3513634031412,125.46058597240848,142.01677309782076,116.71679508977016,108.40983495094709,12.670881432340744,11.563856569627392,11.33398019165467,11.791059928446423,12.11077650437517,10.573818164054249,14.757339491776841,13.957847149560324,13.66585050038337,11.813261760596376,109.87619123846453,117.99107050281755,11.89411092528888,12.953623413274233,110.23707981016219,116.71679508977016,11.791059928446423,13.66585050038337,115.24346444463352,142.01677309782076,12.670881432340744,14.757339491776841,110.23707981016219,116.93521046167778,11.837316537001282,12.88555445507835
47,True,False,LCEN1,115.57020985460483,107.51508102523545,96.76145321285748,110.50741761796465,101.66387081074984,99.77421668170722,125.03161080969493,141.5469986801332,117.65451820000683,139.73577600441865,12.813736303549167,11.566854687285373,10.353717823063835,11.798192467275555,11.330962566118453,10.731480803566885,14.469697788580854,14.186412865985737,13.683259940572716,15.899279785516894,106.40360650428245,124.74862407519217,11.572692769458477,13.79402623684462,107.51508102523545,125.03161080969493,11.566854687285373,14.186412865985737,115.57020985460483,141.5469986801332,12.813736303549167,15.899279785516894,106.16583153373115,125.03161080969493,11.566854687285373,14.076478864576785
48,True,False,ALVEN2,85.3291773249211,85.08480609560698,92.44567480636017,73.42369344535885,86.02289785916173,119.32744939031046,105.05951292225164,133.8357919791173,106.6961052664771,113.19511610948153,9.087057756359865,9.003675489155954,9.588011319021414,7.682259310424415,8.826424334761738,11.441076147049143,11.19737900025546,11.991550340012783,13.371532638499696,13.720302435088945,84.46124990628178,115.6227951335276,8.837485641944678,12.344368112181206,85.3291773249211,113.19511610948153,9.003675489155954,11.991550340012783,92.44567480636017,133.8357919791173,9.588011319021414,13.720302435088945,85.3291773249211,113.19511610948153,8.9567410455608,12.40630439277442
49,True,False,LCEN2,86.24711743737791,82.85232642041665,95.11276081419327,72.85063251213752,71.90337694080048,118.35831505888501,104.43197562990295,144.60570387306097,99.40108327749063,114.26377813495324,9.24209399065448,8.684388987480133,9.928188847333569,7.66867862040117,7.416770103003257,11.184979498130513,11.079786688582026,12.613593470067686,12.24812292642691,14.468340584795197,81.79324282498517,116.21217119485857,8.588024109774523,12.318964633600467,82.85232642041665,114.26377813495324,8.684388987480133,12.24812292642691,95.11276081419327,144.60570387306097,9.928188847333569,14.468340584795197,82.85232642041665,114.26377813495324,8.672479475168412,12.24812292642691
50,True,False,ALVEN3,85.07951363505198,84.06700903424554,89.69981867292522,81.8272238084928,81.71257577798605,120.6735506723098,103.53043019572816,133.39373574439284,105.07773356329926,115.91041265745437,8.982619308992303,8.8544132850339,9.335042800220565,8.124588229737808,8.365047563226552,11.744712161365024,11.059717871041673,11.928542272914726,12.765228619255424,13.997077831287848,84.47722818574032,115.71717256663688,8.732342237442227,12.29905575117294,84.06700903424554,115.91041265745437,8.8544132850339,11.928542272914726,89.69981867292522,133.39373574439284,9.335042800220565,13.997077831287848,84.06700903424554,115.91041265745437,8.729815514979187,12.254970390310223
51,True,False,LCEN3,87.76256771961803,81.08776216300397,88.07539061199614,68.82472118973098,76.7645300714223,119.58654584232185,99.38457632115694,129.55421081956496,141.0083164320555,111.83877198520055,9.297052906230482,8.490623915717064,9.066210409564144,7.12366459202495,7.859766880577719,11.675857821812157,10.29395549995597,11.63351739206658,14.781538727774617,13.007620151624886,80.5029943511543,120.27448428005997,8.367463740822872,12.278497918646842,81.08776216300397,119.58654584232185,8.490623915717064,11.675857821812157,88.07539061199614,141.0083164320555,9.297052906230482,14.781538727774617,81.08776216300397,120.19644637660622,8.462988645070931,12.320568771845732
